user_id,scores,role_scores,suggested_role,confidence,updated_at,created_at
4bda9438-aff0-4838-b96d-88ac7af1ab0f,"{'D1': 85, 'D2': 70, 'D3': 63, 'D4': 44, 'D5': 69, 'motivation': {'result': 100, 'learning': 100, 'relation': 92, 'result_pct': 0.34246563614190545, 'learning_pct': 0.34246563614190545, 'relation_pct': 0.31506838525055303}}","{'developer': 83, 'sales_ops': 78, 'receptionist': 82}",developer,1,2026-03-12T12:23:06.783+00:00,2026-03-12T12:23:07.792168+00:00
3ac6508f-b936-44ad-8f8d-eeaf0e6848ee,"{'D1': 55, 'D2': 60, 'D3': 63, 'D4': 44, 'D5': 69, 'motivation': {'result': 83, 'learning': 92, 'relation': 67, 'result_pct': 0.34297506488633683, 'learning_pct': 0.3801651321631685, 'relation_pct': 0.2768593897275249}}","{'developer': 82, 'sales_ops': 86, 'receptionist': 82}",sales_ops,4,2026-03-12T12:58:31.9+00:00,2026-03-12T12:58:32.061801+00:00
3eafff1d-e7a2-4e47-9a9d-e99388ee041b,"{'D1': 85, 'D2': 80, 'D3': 63, 'D4': 75, 'D5': 31, 'motivation': {'result': 100, 'learning': 92, 'relation': 100, 'result_pct': 0.34246563614190545, 'learning_pct': 0.31506838525055303, 'relation_pct': 0.34246563614190545}}","{'developer': 76, 'sales_ops': 78, 'receptionist': 81}",receptionist,3,2026-03-12T13:08:17.716+00:00,2026-03-12T13:08:17.667838+00:00
867d1f34-4148-42e9-865b-15889571ad89,"{'D1': 75, 'D2': 75, 'D3': 81, 'D4': 44, 'D5': 81, 'motivation': {'result': 92, 'learning': 100, 'relation': 100, 'result_pct': 0.31506838525055303, 'learning_pct': 0.34246563614190545, 'relation_pct': 0.34246563614190545}}","{'developer': 78, 'sales_ops': 78, 'receptionist': 85}",receptionist,7,2026-03-12T13:35:42.122+00:00,2026-03-12T13:35:42.338888+00:00
10a6e06d-839c-46e1-bcf2-fc948adff31d,"{'D1': 65, 'D2': 65, 'D3': 31, 'D4': 56, 'D5': 50, 'motivation': {'result': 83, 'learning': 100, 'relation': 92, 'result_pct': 0.30181807206615563, 'learning_pct': 0.3636362314050068, 'relation_pct': 0.33454533289260624}}","{'developer': 77, 'sales_ops': 78, 'receptionist': 78}",sales_ops,0,2026-03-12T14:14:21.633+00:00,2026-03-12T14:14:21.754319+00:00
d7479702-1f11-424a-83c8-fb66e5db1097,"{'D1': 50, 'D2': 70, 'D3': 25, 'D4': 88, 'D5': 31, 'motivation': {'result': 83, 'learning': 100, 'relation': 83, 'result_pct': 0.3120299578834745, 'learning_pct': 0.3759397082933428, 'relation_pct': 0.3120299578834745}}","{'developer': 67, 'sales_ops': 74, 'receptionist': 74}",sales_ops,0,2026-03-12T14:56:17.25+00:00,2026-03-12T14:56:17.377664+00:00
1f9327a4-93a4-48d3-9e43-0aa6f57306b0,"{'D1': 55, 'D2': 55, 'D3': 44, 'D4': 63, 'D5': 56, 'motivation': {'result': 83, 'learning': 100, 'relation': 100, 'result_pct': 0.2932861154466023, 'learning_pct': 0.3533567655983161, 'relation_pct': 0.3533567655983161}}","{'developer': 77, 'sales_ops': 85, 'receptionist': 77}",sales_ops,8,2026-03-12T16:33:04.427+00:00,2026-03-12T16:33:04.790707+00:00
95f1f623-8606-4371-8947-ed804456aae0,"{'D1': 30, 'D2': 65, 'D3': 50, 'D4': 69, 'D5': 44, 'motivation': {'result': 100, 'learning': 100, 'relation': 100, 'result_pct': 0.3333332222222593, 'learning_pct': 0.3333332222222593, 'relation_pct': 0.3333332222222593}}","{'developer': 68, 'sales_ops': 80, 'receptionist': 77}",sales_ops,3,2026-03-12T20:59:19.225+00:00,2026-03-12T20:59:18.664736+00:00
d87cecce-e8cd-4a21-afeb-e6f544cfa6bf,"{'D1': 65, 'D2': 75, 'D3': 94, 'D4': 25, 'D5': 63, 'motivation': {'result': 92, 'learning': 100, 'relation': 50, 'result_pct': 0.3801651321631685, 'learning_pct': 0.4132229697425745, 'relation_pct': 0.20661148487128725}}","{'developer': 77, 'sales_ops': 78, 'receptionist': 80}",receptionist,2,2026-03-13T12:33:59.903+00:00,2026-03-13T12:34:00.238927+00:00
5b4b3665-89c7-4dc4-aead-b05cdbf6531a,"{'D1': 80, 'D2': 65, 'D3': 50, 'D4': 56, 'D5': 44, 'motivation': {'result': 92, 'learning': 92, 'relation': 75, 'result_pct': 0.3552122180647807, 'learning_pct': 0.3552122180647807, 'relation_pct': 0.28957517777020164}}","{'developer': 84, 'sales_ops': 80, 'receptionist': 82}",developer,2,2026-03-13T13:15:51.690299+00:00,2026-03-13T13:02:54.673999+00:00
81b86abc-d94a-48ef-9f0d-86364117876b,"{'D1': 30, 'D2': 75, 'D3': 75, 'D4': 63, 'D5': 63, 'motivation': {'result': 100, 'learning': 100, 'relation': 100, 'result_pct': 0.3333332222222593, 'learning_pct': 0.3333332222222593, 'relation_pct': 0.3333332222222593}}","{'developer': 68, 'sales_ops': 84, 'receptionist': 86}",receptionist,2,2026-03-13T13:17:38.315+00:00,2026-03-13T13:17:39.304133+00:00
1dbd3e82-0bcd-4485-a6ff-08a207b17d38,"{'D1': 65, 'D2': 80, 'D3': 50, 'D4': 50, 'D5': 56, 'motivation': {'result': 100, 'learning': 100, 'relation': 100, 'result_pct': 0.3333332222222593, 'learning_pct': 0.3333332222222593, 'relation_pct': 0.3333332222222593}}","{'developer': 78, 'sales_ops': 77, 'receptionist': 82}",receptionist,4,2026-03-13T14:23:07.31+00:00,2026-03-13T14:23:07.769567+00:00
8812d715-2437-452f-9f08-89a9b7de6222,"{'D1': 75, 'D2': 85, 'D3': 38, 'D4': 50, 'D5': 81, 'motivation': {'result': 83, 'learning': 100, 'relation': 100, 'result_pct': 0.2932861154466023, 'learning_pct': 0.3533567655983161, 'relation_pct': 0.3533567655983161}}","{'developer': 79, 'sales_ops': 73, 'receptionist': 77}",developer,2,2026-03-13T14:46:25.371+00:00,2026-03-13T14:46:25.514725+00:00
09612f6d-c842-45f6-bac5-f6f5c117131c,"{'D1': 75, 'D2': 70, 'D3': 56, 'D4': 63, 'D5': 50, 'motivation': {'result': 100, 'learning': 100, 'relation': 100, 'result_pct': 0.3333332222222593, 'learning_pct': 0.3333332222222593, 'relation_pct': 0.3333332222222593}}","{'developer': 80, 'sales_ops': 80, 'receptionist': 80}",developer,0,2026-03-13T14:52:17.175+00:00,2026-03-13T14:52:17.276847+00:00
fd85e477-ddef-4b81-bb94-cbdda9912dd4,"{'D1': 65, 'D2': 55, 'D3': 75, 'D4': 56, 'D5': 31, 'motivation': {'result': 50, 'learning': 58, 'relation': 50, 'result_pct': 0.3164554959142431, 'learning_pct': 0.36708837526052196, 'relation_pct': 0.3164554959142431}}","{'developer': 82, 'sales_ops': 88, 'receptionist': 83}",sales_ops,5,2026-03-13T15:05:04.009+00:00,2026-03-13T15:05:04.226114+00:00
fb5921ce-c739-48c0-9d76-abbbf4a9ccc1,"{'D1': 45, 'D2': 100, 'D3': 25, 'D4': 88, 'D5': 25, 'motivation': {'result': 100, 'learning': 100, 'relation': 100, 'result_pct': 0.3333332222222593, 'learning_pct': 0.3333332222222593, 'relation_pct': 0.3333332222222593}}","{'developer': 60, 'sales_ops': 65, 'receptionist': 67}",receptionist,2,2026-03-13T16:11:19.042+00:00,2026-03-13T16:11:19.201976+00:00
b581cb58-728d-4c35-ab17-24e896fc6c5d,"{'D1': 75, 'D2': 65, 'D3': 94, 'D4': 56, 'D5': 44, 'motivation': {'result': 92, 'learning': 100, 'relation': 83, 'result_pct': 0.33454533289260624, 'learning_pct': 0.3636362314050068, 'relation_pct': 0.30181807206615563}}","{'developer': 75, 'sales_ops': 81, 'receptionist': 85}",receptionist,4,2026-03-13T18:36:36.237+00:00,2026-03-13T18:36:36.329554+00:00
bd237615-1c4c-4717-9d37-7b9a52c06e47,"{'D1': 75, 'D2': 70, 'D3': 63, 'D4': 63, 'D5': 44, 'motivation': {'result': 100, 'learning': 100, 'relation': 83, 'result_pct': 0.3533567655983161, 'learning_pct': 0.3533567655983161, 'relation_pct': 0.2932861154466023}}","{'developer': 79, 'sales_ops': 82, 'receptionist': 84}",receptionist,2,2026-03-13T18:39:57.405+00:00,2026-03-13T18:39:57.64935+00:00
1b380868-63e3-4e1b-b106-152416e05dbb,"{'D1': 65, 'D2': 60, 'D3': 38, 'D4': 69, 'D5': 31, 'motivation': {'result': 100, 'learning': 100, 'relation': 100, 'result_pct': 0.3333332222222593, 'learning_pct': 0.3333332222222593, 'relation_pct': 0.3333332222222593}}","{'developer': 73, 'sales_ops': 77, 'receptionist': 72}",sales_ops,4,2026-03-13T21:26:45.719+00:00,2026-03-13T21:26:45.922412+00:00
b701c83a-8878-4490-a5c0-0bf097d5abf6,"{'D1': 60, 'D2': 70, 'D3': 13, 'D4': 69, 'D5': 44, 'motivation': {'result': 100, 'learning': 100, 'relation': 100, 'result_pct': 0.3333332222222593, 'learning_pct': 0.3333332222222593, 'relation_pct': 0.3333332222222593}}","{'developer': 69, 'sales_ops': 73, 'receptionist': 70}",sales_ops,3,2026-03-13T23:35:46.861+00:00,2026-03-13T23:35:46.965754+00:00
1ac56240-ef90-4360-a0d1-585b60886757,"{'D1': 55, 'D2': 60, 'D3': 56, 'D4': 56, 'D5': 25, 'motivation': {'result': 67, 'learning': 75, 'relation': 67, 'result_pct': 0.3205740092947324, 'learning_pct': 0.35885150294186463, 'relation_pct': 0.3205740092947324}}","{'developer': 81, 'sales_ops': 84, 'receptionist': 82}",sales_ops,2,2026-03-14T12:05:51.066+00:00,2026-03-14T12:05:51.169723+00:00
3c50cad0-42f0-4118-b406-28e65e0caf2d,"{'D1': 50, 'D2': 45, 'D3': 31, 'D4': 44, 'D5': 19, 'motivation': {'result': 92, 'learning': 75, 'relation': 92, 'result_pct': 0.3552122180647807, 'learning_pct': 0.28957517777020164, 'relation_pct': 0.3552122180647807}}","{'developer': 74, 'sales_ops': 71, 'receptionist': 69}",developer,3,2026-03-14T16:42:29.102+00:00,2026-03-14T16:42:29.189668+00:00
125816e2-8d79-4b3f-a747-521bdfad992d,"{'D1': 55, 'D2': 60, 'D3': 13, 'D4': 94, 'D5': 31, 'motivation': {'result': 83, 'learning': 83, 'relation': 83, 'result_pct': 0.3333331994645785, 'learning_pct': 0.3333331994645785, 'relation_pct': 0.3333331994645785}}","{'developer': 69, 'sales_ops': 72, 'receptionist': 69}",sales_ops,3,2026-03-15T14:59:13.2+00:00,2026-03-15T14:59:14.042553+00:00
4412d3e8-0fd6-44ac-b0fd-2d4fc55f8dcd,"{'D1': 95, 'D2': 40, 'D3': 69, 'D4': 56, 'D5': 56, 'motivation': {'result': 67, 'learning': 67, 'relation': 83, 'result_pct': 0.3087556180849686, 'learning_pct': 0.3087556180849686, 'relation_pct': 0.382488303000782}}","{'developer': 87, 'sales_ops': 86, 'receptionist': 84}",developer,1,2026-03-16T15:19:56.305+00:00,2026-03-16T15:19:56.548345+00:00
e5a89d72-ecd6-4cec-b55e-ceb2f1e81ef3,"{'D1': 35, 'D2': 70, 'D3': 81, 'D4': 44, 'D5': 50, 'motivation': {'result': 83, 'learning': 92, 'relation': 83, 'result_pct': 0.3217053016646118, 'learning_pct': 0.3565890090740275, 'relation_pct': 0.3217053016646118}}","{'developer': 71, 'sales_ops': 83, 'receptionist': 91}",receptionist,8,2026-03-16T16:20:13.686+00:00,2026-03-16T16:20:13.975061+00:00
4983dc33-eb5d-46e1-92d4-2fa383334b78,"{'D1': 75, 'D2': 55, 'D3': 44, 'D4': 56, 'D5': 69, 'motivation': {'result': 75, 'learning': 83, 'relation': 83, 'result_pct': 0.3112031903721202, 'learning_pct': 0.3443981973451463, 'relation_pct': 0.3443981973451463}}","{'developer': 88, 'sales_ops': 84, 'receptionist': 80}",developer,4,2026-03-16T16:24:32.917+00:00,2026-03-16T16:24:33.117774+00:00
2793726b-3a52-4497-bb98-7ae0368d25e2,"{'D1': 80, 'D2': 75, 'D3': 88, 'D4': 50, 'D5': 50, 'motivation': {'result': 67, 'learning': 67, 'relation': 75, 'result_pct': 0.3205740092947324, 'learning_pct': 0.3205740092947324, 'relation_pct': 0.35885150294186463}}","{'developer': 85, 'sales_ops': 83, 'receptionist': 92}",receptionist,7,2026-03-16T16:50:00.603+00:00,2026-03-16T16:50:00.690718+00:00
3125642c-91c9-4248-95c6-6d51ca9b18b2,"{'D1': 50, 'D2': 55, 'D3': 56, 'D4': 63, 'D5': 44, 'motivation': {'result': 58, 'learning': 75, 'relation': 67, 'result_pct': 0.28999985500007247, 'learning_pct': 0.37499981250009373, 'relation_pct': 0.33499983250008375}}","{'developer': 83, 'sales_ops': 87, 'receptionist': 83}",sales_ops,4,2026-03-16T17:08:57.138+00:00,2026-03-16T17:08:57.323229+00:00
3b5e7f26-d667-4679-84c5-8cb8f9e11ed1,"{'D1': 100, 'D2': 85, 'D3': 100, 'D4': 50, 'D5': 56, 'motivation': {'result': 67, 'learning': 92, 'relation': 83, 'result_pct': 0.2768593897275249, 'learning_pct': 0.3801651321631685, 'relation_pct': 0.34297506488633683}}","{'developer': 75, 'sales_ops': 77, 'receptionist': 88}",receptionist,11,2026-03-16T17:09:13.454+00:00,2026-03-16T17:09:13.520142+00:00
093d3f4d-d24e-47fb-9f90-de8e2e6b8be6,"{'D1': 90, 'D2': 80, 'D3': 69, 'D4': 69, 'D5': 44, 'motivation': {'result': 83, 'learning': 83, 'relation': 92, 'result_pct': 0.3217053016646118, 'learning_pct': 0.3217053016646118, 'relation_pct': 0.3565890090740275}}","{'developer': 79, 'sales_ops': 85, 'receptionist': 87}",receptionist,2,2026-03-17T13:40:53.312+00:00,2026-03-17T13:40:54.62077+00:00
7171a598-3f14-458f-a789-adf146404838,"{'D1': 30, 'D2': 60, 'D3': 25, 'D4': 56, 'D5': 44, 'motivation': {'result': 75, 'learning': 92, 'relation': 100, 'result_pct': 0.2808987711989621, 'learning_pct': 0.3445691593373935, 'relation_pct': 0.3745316949319495}}","{'developer': 68, 'sales_ops': 77, 'receptionist': 74}",sales_ops,3,2026-03-17T14:08:25.523+00:00,2026-03-17T14:08:26.713692+00:00
1dcc0aa3-7df0-4815-ab89-29892d64c043,"{'D1': 80, 'D2': 55, 'D3': 44, 'D4': 56, 'D5': 63, 'motivation': {'result': 92, 'learning': 100, 'relation': 75, 'result_pct': 0.3445691593373935, 'learning_pct': 0.3745316949319495, 'relation_pct': 0.2808987711989621}}","{'developer': 85, 'sales_ops': 82, 'receptionist': 78}",developer,3,2026-03-17T17:11:16.915+00:00,2026-03-17T17:11:17.126421+00:00
1d0ee5c3-89d2-4ff2-950a-92dc63809e1e,"{'D1': 80, 'D2': 60, 'D3': 50, 'D4': 63, 'D5': 56, 'motivation': {'result': 92, 'learning': 100, 'relation': 100, 'result_pct': 0.31506838525055303, 'learning_pct': 0.34246563614190545, 'relation_pct': 0.34246563614190545}}","{'developer': 83, 'sales_ops': 82, 'receptionist': 78}",developer,1,2026-03-17T17:22:15.621+00:00,2026-03-17T17:22:16.203616+00:00
dc5e1d44-459a-43dd-940e-00786d4f84ca,"{'D1': 60, 'D2': 95, 'D3': 25, 'D4': 50, 'D5': 63, 'motivation': {'result': 75, 'learning': 83, 'relation': 83, 'result_pct': 0.3112031903721202, 'learning_pct': 0.3443981973451463, 'relation_pct': 0.3443981973451463}}","{'developer': 78, 'sales_ops': 75, 'receptionist': 79}",receptionist,1,2026-03-17T17:48:29.036+00:00,2026-03-17T17:48:27.848202+00:00
515b2474-5968-4564-b620-60a42ecfaef8,"{'D1': 55, 'D2': 55, 'D3': 50, 'D4': 50, 'D5': 50, 'motivation': {'result': 75, 'learning': 75, 'relation': 75, 'result_pct': 0.333333185185251, 'learning_pct': 0.333333185185251, 'relation_pct': 0.333333185185251}}","{'developer': 84, 'sales_ops': 86, 'receptionist': 82}",sales_ops,2,2026-03-17T18:41:34.308+00:00,2026-03-17T18:41:32.444113+00:00
8c617733-c96e-459a-939f-e2c29142e61c,"{'D1': 55, 'D2': 75, 'D3': 50, 'D4': 81, 'D5': 56, 'motivation': {'result': 42, 'learning': 83, 'relation': 58, 'result_pct': 0.22950807130706485, 'learning_pct': 0.4535516647258663, 'relation_pct': 0.31693971751928}}","{'developer': 81, 'sales_ops': 82, 'receptionist': 82}",sales_ops,0,2026-03-17T19:59:39.016+00:00,2026-03-17T19:59:38.816232+00:00
f95a6826-5019-47cb-bb49-878a0e2bef42,"{'D1': 75, 'D2': 85, 'D3': 94, 'D4': 75, 'D5': 56, 'motivation': {'result': 75, 'learning': 100, 'relation': 75, 'result_pct': 0.299999880000048, 'learning_pct': 0.399999840000064, 'relation_pct': 0.299999880000048}}","{'developer': 76, 'sales_ops': 85, 'receptionist': 88}",receptionist,3,2026-03-17T20:57:58.178+00:00,2026-03-17T20:58:03.466268+00:00
97a4a651-b33c-4978-871e-1e91aaf2bdf0,"{'D1': 85, 'D2': 70, 'D3': 75, 'D4': 63, 'D5': 31, 'motivation': {'result': 83, 'learning': 100, 'relation': 100, 'result_pct': 0.2932861154466023, 'learning_pct': 0.3533567655983161, 'relation_pct': 0.3533567655983161}}","{'developer': 75, 'sales_ops': 83, 'receptionist': 83}",sales_ops,0,2026-03-17T21:10:17.631+00:00,2026-03-17T21:10:17.950814+00:00
6e9e603a-4bc0-4990-bdc8-428c3af32760,"{'D1': 100, 'D2': 60, 'D3': 44, 'D4': 56, 'D5': 88, 'motivation': {'result': 83, 'learning': 100, 'relation': 92, 'result_pct': 0.30181807206615563, 'learning_pct': 0.3636362314050068, 'relation_pct': 0.33454533289260624}}","{'developer': 77, 'sales_ops': 77, 'receptionist': 75}",developer,0,2026-03-17T21:10:38.657+00:00,2026-03-17T21:10:38.787168+00:00
c2401a0c-49b7-47f8-9a15-3203fd92c4b6,"{'D1': 70, 'D2': 50, 'D3': 63, 'D4': 69, 'D5': 63, 'motivation': {'result': 92, 'learning': 100, 'relation': 83, 'result_pct': 0.33454533289260624, 'learning_pct': 0.3636362314050068, 'relation_pct': 0.30181807206615563}}","{'developer': 82, 'sales_ops': 88, 'receptionist': 80}",sales_ops,6,2026-03-17T21:30:43.256+00:00,2026-03-17T21:30:43.544704+00:00
f408cc35-6cb1-4269-b37f-3d793a1b2249,"{'D1': 60, 'D2': 30, 'D3': 31, 'D4': 56, 'D5': 63, 'motivation': {'result': 83, 'learning': 100, 'relation': 58, 'result_pct': 0.3443981973451463, 'learning_pct': 0.4149375871628269, 'relation_pct': 0.2406638005544396}}","{'developer': 81, 'sales_ops': 80, 'receptionist': 68}",developer,1,2026-03-18T07:53:56.803+00:00,2026-03-18T07:53:47.522854+00:00
feb5467d-a7f9-4765-ad88-81cfb571fefb,"{'D1': 95, 'D2': 50, 'D3': 88, 'D4': 25, 'D5': 75, 'motivation': {'result': 58, 'learning': 100, 'relation': 67, 'result_pct': 0.25777766320992745, 'learning_pct': 0.444444246913668, 'relation_pct': 0.29777764543215757}}","{'developer': 80, 'sales_ops': 77, 'receptionist': 79}",developer,1,2026-03-18T09:48:31.909+00:00,2026-03-18T09:48:32.189314+00:00
be7c2712-f10e-4980-9ae9-532696764a99,"{'D1': 60, 'D2': 85, 'D3': 56, 'D4': 50, 'D5': 50, 'motivation': {'result': 75, 'learning': 75, 'relation': 75, 'result_pct': 0.333333185185251, 'learning_pct': 0.333333185185251, 'relation_pct': 0.333333185185251}}","{'developer': 83, 'sales_ops': 83, 'receptionist': 88}",receptionist,5,2026-03-18T15:57:12.058+00:00,2026-03-18T15:57:12.200383+00:00
2cb65b7b-4d54-4ae4-958d-ab087ecbc9ac,"{'D1': 25, 'D2': 85, 'D3': 50, 'D4': 88, 'D5': 38, 'motivation': {'result': 100, 'learning': 100, 'relation': 100, 'result_pct': 0.3333332222222593, 'learning_pct': 0.3333332222222593, 'relation_pct': 0.3333332222222593}}","{'developer': 62, 'sales_ops': 73, 'receptionist': 76}",receptionist,3,2026-03-18T16:06:19.474+00:00,2026-03-18T16:06:19.656633+00:00
8ac09617-93d9-4ca7-b876-099d441e29a9,"{'D1': 55, 'D2': 85, 'D3': 75, 'D4': 63, 'D5': 50, 'motivation': {'result': 58, 'learning': 83, 'relation': 83, 'result_pct': 0.2589284558355108, 'learning_pct': 0.37053554886805856, 'relation_pct': 0.37053554886805856}}","{'developer': 78, 'sales_ops': 87, 'receptionist': 93}",receptionist,6,2026-03-18T16:52:04.209+00:00,2026-03-18T16:52:04.319111+00:00
edc2c1be-eae8-4a69-819f-5e900a04d41b,"{'D1': 75, 'D2': 80, 'D3': 56, 'D4': 44, 'D5': 63, 'motivation': {'result': 100, 'learning': 92, 'relation': 100, 'result_pct': 0.34246563614190545, 'learning_pct': 0.31506838525055303, 'relation_pct': 0.34246563614190545}}","{'developer': 84, 'sales_ops': 76, 'receptionist': 82}",developer,2,2026-03-18T17:02:30.404+00:00,2026-03-18T17:02:30.580437+00:00
554a0a5f-7421-4b16-8d30-f0e025f15b57,"{'D1': 60, 'D2': 85, 'D3': 69, 'D4': 38, 'D5': 69, 'motivation': {'result': 83, 'learning': 92, 'relation': 75, 'result_pct': 0.3319998672000531, 'learning_pct': 0.36799985280005887, 'relation_pct': 0.299999880000048}}","{'developer': 80, 'sales_ops': 81, 'receptionist': 87}",receptionist,6,2026-03-18T17:07:23.476+00:00,2026-03-18T17:07:23.633069+00:00
0fe75d11-0622-4dd6-9c48-37b80f4d874d,"{'D1': 85, 'D2': 50, 'D3': 25, 'D4': 75, 'D5': 75, 'motivation': {'result': 100, 'learning': 100, 'relation': 100, 'result_pct': 0.3333332222222593, 'learning_pct': 0.3333332222222593, 'relation_pct': 0.3333332222222593}}","{'developer': 77, 'sales_ops': 74, 'receptionist': 66}",developer,3,2026-03-18T17:26:06.009+00:00,2026-03-18T17:26:06.853787+00:00
e8414017-3c9f-4564-823c-78810999fed8,"{'D1': 70, 'D2': 55, 'D3': 56, 'D4': 38, 'D5': 63, 'motivation': {'result': 92, 'learning': 92, 'relation': 92, 'result_pct': 0.33333321256043025, 'learning_pct': 0.33333321256043025, 'relation_pct': 0.33333321256043025}}","{'developer': 86, 'sales_ops': 81, 'receptionist': 78}",developer,5,2026-03-18T18:57:45.511+00:00,2026-03-18T18:57:47.589329+00:00
7627ff2a-6316-4a3c-9cfe-df70ff5abb64,"{'D1': 55, 'D2': 40, 'D3': 88, 'D4': 19, 'D5': 63, 'motivation': {'result': 92, 'learning': 100, 'relation': 92, 'result_pct': 0.3239435479072015, 'learning_pct': 0.3521125520730451, 'relation_pct': 0.3239435479072015}}","{'developer': 76, 'sales_ops': 77, 'receptionist': 77}",sales_ops,0,2026-03-18T19:00:48.253+00:00,2026-03-18T19:00:47.313705+00:00
6a791992-591c-48c4-9a19-afb064635e66,"{'D1': 70, 'D2': 55, 'D3': 38, 'D4': 75, 'D5': 38, 'motivation': {'result': 92, 'learning': 92, 'relation': 75, 'result_pct': 0.3552122180647807, 'learning_pct': 0.3552122180647807, 'relation_pct': 0.28957517777020164}}","{'developer': 78, 'sales_ops': 81, 'receptionist': 74}",sales_ops,3,2026-03-18T19:06:03.163+00:00,2026-03-18T19:06:03.458199+00:00
9b25c176-c0cd-4438-891a-7a1c34e5e907,"{'D1': 60, 'D2': 50, 'D3': 63, 'D4': 63, 'D5': 38, 'motivation': {'result': 100, 'learning': 92, 'relation': 75, 'result_pct': 0.3745316949319495, 'learning_pct': 0.3445691593373935, 'relation_pct': 0.2808987711989621}}","{'developer': 77, 'sales_ops': 85, 'receptionist': 80}",sales_ops,5,2026-03-18T19:25:56.745+00:00,2026-03-18T19:25:57.061215+00:00
2a3ba54c-4ce3-436d-a1da-b7037a388de3,"{'D1': 50, 'D2': 55, 'D3': 56, 'D4': 63, 'D5': 69, 'motivation': {'result': 92, 'learning': 83, 'relation': 100, 'result_pct': 0.33454533289260624, 'learning_pct': 0.30181807206615563, 'relation_pct': 0.3636362314050068}}","{'developer': 81, 'sales_ops': 85, 'receptionist': 78}",sales_ops,4,2026-03-18T20:40:08.162+00:00,2026-03-18T20:40:08.3144+00:00
abeada9f-8162-4ad7-9d00-a0f472306cf1,"{'D1': 40, 'D2': 75, 'D3': 94, 'D4': 13, 'D5': 94, 'motivation': {'result': 83, 'learning': 92, 'relation': 83, 'result_pct': 0.3217053016646118, 'learning_pct': 0.3565890090740275, 'relation_pct': 0.3217053016646118}}","{'developer': 66, 'sales_ops': 70, 'receptionist': 82}",receptionist,12,2026-03-18T21:07:06.829+00:00,2026-03-18T21:07:06.76627+00:00
44c0253d-d855-41b3-85a8-bc48fa506c2c,"{'D1': 70, 'D2': 95, 'D3': 50, 'D4': 56, 'D5': 31, 'motivation': {'result': 100, 'learning': 42, 'relation': 100, 'result_pct': 0.4132229697425745, 'learning_pct': 0.17355364729188127, 'relation_pct': 0.4132229697425745}}","{'developer': 74, 'sales_ops': 74, 'receptionist': 79}",receptionist,5,2026-03-18T22:58:57.6+00:00,2026-03-18T22:58:57.231303+00:00
e04d7ca6-0f1f-4536-b43c-2ede46228c1b,"{'D1': 65, 'D2': 65, 'D3': 25, 'D4': 75, 'D5': 50, 'motivation': {'result': 75, 'learning': 83, 'relation': 75, 'result_pct': 0.32188827386769364, 'learning_pct': 0.3562230230802476, 'relation_pct': 0.32188827386769364}}","{'developer': 78, 'sales_ops': 82, 'receptionist': 77}",sales_ops,4,2026-03-19T11:38:42.35+00:00,2026-03-19T11:38:40.646882+00:00
b3ef7b61-cfbd-4896-a2da-6a1bb9f69042,"{'D1': 55, 'D2': 55, 'D3': 50, 'D4': 75, 'D5': 44, 'motivation': {'result': 75, 'learning': 83, 'relation': 75, 'result_pct': 0.32188827386769364, 'learning_pct': 0.3562230230802476, 'relation_pct': 0.32188827386769364}}","{'developer': 80, 'sales_ops': 88, 'receptionist': 80}",sales_ops,8,2026-03-19T12:29:17.98+00:00,2026-03-19T12:29:18.079792+00:00
ac4823d4-88e3-4edf-b3b3-41052ce3da5f,"{'D1': 70, 'D2': 70, 'D3': 25, 'D4': 81, 'D5': 19, 'motivation': {'result': 100, 'learning': 83, 'relation': 100, 'result_pct': 0.3533567655983161, 'learning_pct': 0.2932861154466023, 'relation_pct': 0.3533567655983161}}","{'developer': 71, 'sales_ops': 70, 'receptionist': 69}",developer,1,2026-03-19T12:51:54.235+00:00,2026-03-19T12:51:54.540968+00:00
8c35a76c-2545-4794-82e1-958d44734e08,"{'D1': 60, 'D2': 60, 'D3': 38, 'D4': 50, 'D5': 44, 'motivation': {'result': 67, 'learning': 58, 'relation': 67, 'result_pct': 0.34895815158429605, 'learning_pct': 0.30208317599834583, 'relation_pct': 0.34895815158429605}}","{'developer': 82, 'sales_ops': 82, 'receptionist': 80}",developer,0,2026-03-19T15:40:52.915+00:00,2026-03-19T15:40:53.012975+00:00
9af6710d-b654-4e51-9452-9a38aa50521a,"{'D1': 60, 'D2': 75, 'D3': 63, 'D4': 50, 'D5': 44, 'motivation': {'result': 92, 'learning': 92, 'relation': 83, 'result_pct': 0.3445691593373935, 'learning_pct': 0.3445691593373935, 'relation_pct': 0.3108613067935181}}","{'developer': 78, 'sales_ops': 81, 'receptionist': 87}",receptionist,6,2026-03-19T19:08:43.852+00:00,2026-03-19T19:08:43.472882+00:00
e49113fa-06f0-4262-9249-d6da2dc5a5c8,"{'D1': 100, 'D2': 65, 'D3': 63, 'D4': 56, 'D5': 69, 'motivation': {'result': 75, 'learning': 75, 'relation': 75, 'result_pct': 0.333333185185251, 'learning_pct': 0.333333185185251, 'relation_pct': 0.333333185185251}}","{'developer': 85, 'sales_ops': 86, 'receptionist': 85}",sales_ops,1,2026-03-19T20:54:40.634+00:00,2026-03-19T20:54:40.861127+00:00
6a87712e-0cdb-4d4f-a686-fb5f5e347f03,"{'D1': 60, 'D2': 65, 'D3': 56, 'D4': 50, 'D5': 50, 'motivation': {'result': 58, 'learning': 50, 'relation': 58, 'result_pct': 0.3493973798810964, 'learning_pct': 0.3012046378285314, 'relation_pct': 0.3493973798810964}}","{'developer': 85, 'sales_ops': 85, 'receptionist': 85}",developer,0,2026-03-20T10:12:58.997+00:00,2026-03-20T10:12:58.301559+00:00
87dacf52-8849-4a79-92c9-6e0812e935cb,"{'D1': 50, 'D2': 70, 'D3': 25, 'D4': 56, 'D5': 38, 'motivation': {'result': 67, 'learning': 67, 'relation': 50, 'result_pct': 0.3641302368857408, 'learning_pct': 0.3641302368857408, 'relation_pct': 0.27173898275055286}}","{'developer': 77, 'sales_ops': 79, 'receptionist': 76}",sales_ops,2,2026-03-20T12:14:54.449+00:00,2026-03-20T12:14:54.595062+00:00
e65cb490-820e-4949-99df-03100b2ab9c4,"{'D1': 100, 'D2': 80, 'D3': 31, 'D4': 75, 'D5': 50, 'motivation': {'result': 83, 'learning': 100, 'relation': 100, 'result_pct': 0.2932861154466023, 'learning_pct': 0.3533567655983161, 'relation_pct': 0.3533567655983161}}","{'developer': 73, 'sales_ops': 75, 'receptionist': 76}",receptionist,1,2026-03-21T17:28:00.932+00:00,2026-03-21T17:28:01.371566+00:00
595c6330-7545-4bde-ba3b-9a258c98771a,"{'D1': 75, 'D2': 75, 'D3': 81, 'D4': 50, 'D5': 75, 'motivation': {'result': 83, 'learning': 100, 'relation': 100, 'result_pct': 0.2932861154466023, 'learning_pct': 0.3533567655983161, 'relation_pct': 0.3533567655983161}}","{'developer': 79, 'sales_ops': 81, 'receptionist': 87}",receptionist,6,2026-03-22T11:08:07.01+00:00,2026-03-22T11:08:07.249327+00:00
3dc5e1ad-417f-4959-b6d4-b8310ccfe7e8,"{'D1': 90, 'D2': 30, 'D3': 25, 'D4': 75, 'D5': 50, 'motivation': {'result': 75, 'learning': 83, 'relation': 42, 'result_pct': 0.37499981250009373, 'learning_pct': 0.41499979250010377, 'relation_pct': 0.2099998950000525}}","{'developer': 83, 'sales_ops': 80, 'receptionist': 62}",developer,3,2026-03-22T12:57:12.167+00:00,2026-03-22T12:57:12.342821+00:00
c7da3d85-733e-494d-a923-883989657a16,"{'D1': 90, 'D2': 30, 'D3': 56, 'D4': 75, 'D5': 25, 'motivation': {'result': 58, 'learning': 75, 'relation': 33, 'result_pct': 0.3493973798810964, 'learning_pct': 0.45180695674279714, 'relation_pct': 0.19879506096683075}}","{'developer': 86, 'sales_ops': 80, 'receptionist': 66}",developer,6,2026-03-22T13:00:45.39+00:00,2026-03-22T13:00:45.999757+00:00
3724106d-c278-445d-a552-85b801043977,"{'D1': 10, 'D2': 80, 'D3': 81, 'D4': 19, 'D5': 75, 'motivation': {'result': 33, 'learning': 42, 'relation': 100, 'result_pct': 0.1885713208163881, 'learning_pct': 0.23999986285722122, 'relation_pct': 0.5714282448981458}}","{'developer': 63, 'sales_ops': 70, 'receptionist': 87}",receptionist,17,2026-03-22T13:11:59.221+00:00,2026-03-22T13:11:59.330909+00:00
c12fc0b8-9ef2-4fb5-ab9f-b87bacc66536,"{'D1': 25, 'D2': 80, 'D3': 88, 'D4': 56, 'D5': 75, 'motivation': {'result': 33, 'learning': 75, 'relation': 92, 'result_pct': 0.16499991750004125, 'learning_pct': 0.37499981250009373, 'relation_pct': 0.459999770000115}}","{'developer': 70, 'sales_ops': 77, 'receptionist': 90}",receptionist,13,2026-03-22T13:12:42.177+00:00,2026-03-22T13:12:42.710946+00:00
42186cab-d03f-45fa-a253-d3f21dac0d28,"{'D1': 40, 'D2': 80, 'D3': 38, 'D4': 56, 'D5': 38, 'motivation': {'result': 33, 'learning': 33, 'relation': 100, 'result_pct': 0.19879506096683075, 'learning_pct': 0.19879506096683075, 'relation_pct': 0.6024092756570628}}","{'developer': 68, 'sales_ops': 72, 'receptionist': 83}",receptionist,11,2026-03-22T13:25:52.656+00:00,2026-03-22T13:25:52.787534+00:00
ea64ca73-3be8-44d5-b6a4-f3e64aca8dc1,"{'D1': 35, 'D2': 55, 'D3': 56, 'D4': 75, 'D5': 44, 'motivation': {'result': 42, 'learning': 75, 'relation': 75, 'result_pct': 0.21874988606776766, 'learning_pct': 0.3906247965495851, 'relation_pct': 0.3906247965495851}}","{'developer': 77, 'sales_ops': 84, 'receptionist': 82}",sales_ops,2,2026-03-22T13:30:02.571+00:00,2026-03-22T13:30:02.083576+00:00
0b05a5f9-6ad0-4b71-abc3-6b268bf8037a,"{'D1': 80, 'D2': 75, 'D3': 19, 'D4': 44, 'D5': 56, 'motivation': {'result': 75, 'learning': 100, 'relation': 92, 'result_pct': 0.2808987711989621, 'learning_pct': 0.3745316949319495, 'relation_pct': 0.3445691593373935}}","{'developer': 80, 'sales_ops': 73, 'receptionist': 77}",developer,3,2026-03-22T13:32:36.238+00:00,2026-03-22T13:32:36.386334+00:00
1e362444-928b-4794-9721-4d798d8f1393,"{'D1': 70, 'D2': 85, 'D3': 88, 'D4': 50, 'D5': 63, 'motivation': {'result': 83, 'learning': 100, 'relation': 83, 'result_pct': 0.3120299578834745, 'learning_pct': 0.3759397082933428, 'relation_pct': 0.3120299578834745}}","{'developer': 78, 'sales_ops': 82, 'receptionist': 90}",receptionist,8,2026-03-22T13:45:02.019+00:00,2026-03-22T13:45:02.1785+00:00
aa7b23d9-1d37-49e2-b27e-9d77d062963c,"{'D1': 50, 'D2': 50, 'D3': 50, 'D4': 50, 'D5': 50, 'motivation': {'result': 50, 'learning': 50, 'relation': 50, 'result_pct': 0.33333311111125924, 'learning_pct': 0.33333311111125924, 'relation_pct': 0.33333311111125924}}","{'developer': 83, 'sales_ops': 84, 'receptionist': 79}",sales_ops,1,2026-03-22T14:53:16.117+00:00,2026-03-22T14:53:16.23077+00:00
18b9a795-fbd3-444f-b9fc-a2f24d0d6846,"{'D1': 50, 'D2': 80, 'D3': 38, 'D4': 56, 'D5': 50, 'motivation': {'result': 100, 'learning': 100, 'relation': 100, 'result_pct': 0.3333332222222593, 'learning_pct': 0.3333332222222593, 'relation_pct': 0.3333332222222593}}","{'developer': 71, 'sales_ops': 75, 'receptionist': 80}",receptionist,5,2026-03-22T19:45:19.017+00:00,2026-03-22T19:45:19.49183+00:00
4afe6860-52d2-4ac2-bd28-b0c9a8029bb7,"{'D1': 20, 'D2': 55, 'D3': 19, 'D4': 75, 'D5': 25, 'motivation': {'result': 92, 'learning': 100, 'relation': 67, 'result_pct': 0.3552122180647807, 'learning_pct': 0.3861002370269355, 'relation_pct': 0.2586871588080468}}","{'developer': 60, 'sales_ops': 74, 'receptionist': 67}",sales_ops,7,2026-03-22T19:53:04.327+00:00,2026-03-22T19:53:04.306409+00:00
0db74ac8-0ead-49cf-8374-4e2ca7276281,"{'D1': 75, 'D2': 55, 'D3': 69, 'D4': 50, 'D5': 44, 'motivation': {'result': 75, 'learning': 83, 'relation': 75, 'result_pct': 0.32188827386769364, 'learning_pct': 0.3562230230802476, 'relation_pct': 0.32188827386769364}}","{'developer': 85, 'sales_ops': 87, 'receptionist': 85}",sales_ops,2,2026-03-22T19:54:21.192+00:00,2026-03-22T19:54:19.83945+00:00
564dc85b-179b-439b-ac30-cf84dc5bc6d3,"{'D1': 70, 'D2': 60, 'D3': 63, 'D4': 50, 'D5': 56, 'motivation': {'result': 50, 'learning': 67, 'relation': 58, 'result_pct': 0.2857141224490729, 'learning_pct': 0.38285692408175764, 'relation_pct': 0.33142838204092456}}","{'developer': 90, 'sales_ops': 86, 'receptionist': 85}",developer,4,2026-03-22T19:56:44.323+00:00,2026-03-22T19:56:44.791299+00:00
211d4ea0-9d00-4bcf-a5ec-2ce05efcfc22,"{'D1': 60, 'D2': 70, 'D3': 56, 'D4': 50, 'D5': 50, 'motivation': {'result': 83, 'learning': 83, 'relation': 83, 'result_pct': 0.3333331994645785, 'learning_pct': 0.3333331994645785, 'relation_pct': 0.3333331994645785}}","{'developer': 82, 'sales_ops': 83, 'receptionist': 86}",receptionist,3,2026-03-22T20:05:56.28+00:00,2026-03-22T20:05:56.734104+00:00
9d91e907-1818-4b7f-8a1c-4f4942778f0e,"{'D1': 45, 'D2': 65, 'D3': 50, 'D4': 63, 'D5': 44, 'motivation': {'result': 92, 'learning': 83, 'relation': 83, 'result_pct': 0.3565890090740275, 'learning_pct': 0.3217053016646118, 'relation_pct': 0.3217053016646118}}","{'developer': 76, 'sales_ops': 83, 'receptionist': 83}",sales_ops,0,2026-03-22T21:28:03.03+00:00,2026-03-22T21:28:03.530725+00:00
8a05d4e9-9f5f-4ac4-a831-a44667f42076,"{'D1': 60, 'D2': 60, 'D3': 50, 'D4': 50, 'D5': 63, 'motivation': {'result': 75, 'learning': 67, 'relation': 83, 'result_pct': 0.333333185185251, 'learning_pct': 0.29777764543215757, 'relation_pct': 0.36888872493834446}}","{'developer': 87, 'sales_ops': 86, 'receptionist': 84}",developer,1,2026-03-22T21:38:54.869+00:00,2026-03-22T21:38:55.341577+00:00
ecd16b29-4553-4d30-ad5c-e249d1843454,"{'D1': 80, 'D2': 70, 'D3': 25, 'D4': 81, 'D5': 38, 'motivation': {'result': 83, 'learning': 100, 'relation': 75, 'result_pct': 0.3217053016646118, 'learning_pct': 0.38759674899350816, 'relation_pct': 0.2906975617451311}}","{'developer': 76, 'sales_ops': 75, 'receptionist': 74}",developer,1,2026-03-22T21:58:47.993+00:00,2026-03-22T21:58:48.101106+00:00
0d3aaf2c-81ce-4357-9d3f-8608d20acc56,"{'D1': 80, 'D2': 60, 'D3': 19, 'D4': 69, 'D5': 19, 'motivation': {'result': 42, 'learning': 58, 'relation': 42, 'result_pct': 0.29577443959546507, 'learning_pct': 0.40845041658421366, 'relation_pct': 0.29577443959546507}}","{'developer': 79, 'sales_ops': 75, 'receptionist': 66}",developer,4,2026-03-23T08:32:17.729+00:00,2026-03-23T08:32:18.022757+00:00
fb738062-ddf7-4f3d-b298-e4cd5035e9b8,"{'D1': 35, 'D2': 60, 'D3': 75, 'D4': 75, 'D5': 56, 'motivation': {'result': 42, 'learning': 67, 'relation': 92, 'result_pct': 0.2089551199228259, 'learning_pct': 0.33333316749593656, 'relation_pct': 0.4577112150690472}}","{'developer': 76, 'sales_ops': 88, 'receptionist': 87}",sales_ops,1,2026-03-23T11:21:54.941+00:00,2026-03-23T11:21:54.950464+00:00
7b670719-c778-4181-8096-379c0dc8d149,"{'D1': 65, 'D2': 50, 'D3': 50, 'D4': 75, 'D5': 38, 'motivation': {'result': 75, 'learning': 75, 'relation': 92, 'result_pct': 0.3099172273069309, 'learning_pct': 0.3099172273069309, 'relation_pct': 0.3801651321631685}}","{'developer': 82, 'sales_ops': 85, 'receptionist': 77}",sales_ops,3,2026-03-23T14:20:45.303+00:00,2026-03-23T14:20:45.461677+00:00
00e39e14-5150-4161-a4a9-f59879ec522e,"{'D1': 55, 'D2': 60, 'D3': 50, 'D4': 44, 'D5': 50, 'motivation': {'result': 75, 'learning': 92, 'relation': 75, 'result_pct': 0.3099172273069309, 'learning_pct': 0.3801651321631685, 'relation_pct': 0.3099172273069309}}","{'developer': 81, 'sales_ops': 84, 'receptionist': 82}",sales_ops,2,2026-03-23T15:19:02.081+00:00,2026-03-23T15:19:01.660916+00:00
051df7e4-6071-494b-9fa8-07f9b1d8e2a3,"{'D1': 65, 'D2': 70, 'D3': 50, 'D4': 25, 'D5': 44, 'motivation': {'result': 75, 'learning': 67, 'relation': 75, 'result_pct': 0.3456219605428753, 'learning_pct': 0.3087556180849686, 'relation_pct': 0.3456219605428753}}","{'developer': 84, 'sales_ops': 78, 'receptionist': 82}",developer,2,2026-03-23T15:30:38.014+00:00,2026-03-23T15:30:37.578699+00:00
60f0ee69-967e-411d-972e-6bee0440d37d,"{'D1': 50, 'D2': 50, 'D3': 56, 'D4': 50, 'D5': 31, 'motivation': {'result': 58, 'learning': 83, 'relation': 75, 'result_pct': 0.2685183942044471, 'learning_pct': 0.3842590813615364, 'relation_pct': 0.34722206147126783}}","{'developer': 81, 'sales_ops': 81, 'receptionist': 82}",receptionist,1,2026-03-23T15:36:48.328+00:00,2026-03-23T15:36:47.871386+00:00
1d427c45-76bc-4bf1-9fc8-6c826a5a6195,"{'D1': 60, 'D2': 75, 'D3': 50, 'D4': 38, 'D5': 56, 'motivation': {'result': 58, 'learning': 67, 'relation': 67, 'result_pct': 0.30208317599834583, 'learning_pct': 0.34895815158429605, 'relation_pct': 0.34895815158429605}}","{'developer': 87, 'sales_ops': 80, 'receptionist': 86}",developer,1,2026-03-23T15:44:02.507+00:00,2026-03-23T15:44:02.072233+00:00
35bb3a87-abf2-4745-bf66-21ef7ce9ffb3,"{'D1': 65, 'D2': 35, 'D3': 75, 'D4': 94, 'D5': 38, 'motivation': {'result': 33, 'learning': 67, 'relation': 67, 'result_pct': 0.19760467209301072, 'learning_pct': 0.4011973645524763, 'relation_pct': 0.4011973645524763}}","{'developer': 81, 'sales_ops': 80, 'receptionist': 77}",developer,1,2026-03-23T15:44:30.422+00:00,2026-03-23T15:44:30.566705+00:00
31458e85-6856-45b8-adb8-e5d604e836f1,"{'D1': 60, 'D2': 60, 'D3': 50, 'D4': 50, 'D5': 50, 'motivation': {'result': 75, 'learning': 75, 'relation': 75, 'result_pct': 0.333333185185251, 'learning_pct': 0.333333185185251, 'relation_pct': 0.333333185185251}}","{'developer': 85, 'sales_ops': 85, 'receptionist': 83}",developer,0,2026-03-23T20:04:40.504+00:00,2026-03-23T20:04:40.675576+00:00
fcc4e58f-a519-4ca8-97d0-fb939202cdab,"{'D1': 50, 'D2': 55, 'D3': 50, 'D4': 50, 'D5': 63, 'motivation': {'result': 50, 'learning': 50, 'relation': 75, 'result_pct': 0.2857141224490729, 'learning_pct': 0.2857141224490729, 'relation_pct': 0.4285711836736093}}","{'developer': 84, 'sales_ops': 84, 'receptionist': 84}",developer,0,2026-03-23T20:10:49.048+00:00,2026-03-23T20:10:49.14896+00:00
34f9c987-bf19-46dc-bb62-41c5f7f98f9b,"{'D1': 45, 'D2': 55, 'D3': 44, 'D4': 56, 'D5': 50, 'motivation': {'result': 75, 'learning': 67, 'relation': 67, 'result_pct': 0.35885150294186463, 'learning_pct': 0.3205740092947324, 'relation_pct': 0.3205740092947324}}","{'developer': 81, 'sales_ops': 86, 'receptionist': 81}",sales_ops,5,2026-03-23T20:14:20.568+00:00,2026-03-23T20:14:20.787348+00:00
75105e89-fd9c-4d6e-9820-72806170072f,"{'D1': 50, 'D2': 40, 'D3': 44, 'D4': 44, 'D5': 63, 'motivation': {'result': 42, 'learning': 50, 'relation': 75, 'result_pct': 0.25149685539110456, 'learning_pct': 0.2994010183227435, 'relation_pct': 0.44910152748411525}}","{'developer': 84, 'sales_ops': 78, 'receptionist': 78}",developer,6,2026-03-23T20:15:51.585+00:00,2026-03-23T20:15:52.298123+00:00
3342333d-31f4-4e78-a59a-9ac7cc3dc7a5,"{'D1': 70, 'D2': 65, 'D3': 50, 'D4': 50, 'D5': 50, 'motivation': {'result': 83, 'learning': 67, 'relation': 83, 'result_pct': 0.3562230230802476, 'learning_pct': 0.2875535246551396, 'relation_pct': 0.3562230230802476}}","{'developer': 86, 'sales_ops': 82, 'receptionist': 84}",developer,2,2026-03-23T20:17:30.114+00:00,2026-03-23T20:17:30.220421+00:00
4e17d83a-f27f-4fe1-970f-ba6aeeda9aad,"{'D1': 45, 'D2': 50, 'D3': 56, 'D4': 50, 'D5': 56, 'motivation': {'result': 58, 'learning': 58, 'relation': 67, 'result_pct': 0.31693971751928, 'learning_pct': 0.31693971751928, 'relation_pct': 0.36612001851365106}}","{'developer': 84, 'sales_ops': 86, 'receptionist': 84}",sales_ops,2,2026-03-23T20:21:25.956+00:00,2026-03-23T20:21:26.025416+00:00
bd7a29f6-f2f7-4568-9499-52d4c3cd7679,"{'D1': 60, 'D2': 55, 'D3': 50, 'D4': 50, 'D5': 44, 'motivation': {'result': 100, 'learning': 100, 'relation': 100, 'result_pct': 0.3333332222222593, 'learning_pct': 0.3333332222222593, 'relation_pct': 0.3333332222222593}}","{'developer': 77, 'sales_ops': 79, 'receptionist': 76}",sales_ops,2,2026-03-23T20:23:07.791+00:00,2026-03-23T20:23:07.837297+00:00
3cefa689-1f2a-4c6c-b6d7-e647a12094b2,"{'D1': 75, 'D2': 60, 'D3': 94, 'D4': 63, 'D5': 75, 'motivation': {'result': 92, 'learning': 92, 'relation': 67, 'result_pct': 0.36653371851246275, 'learning_pct': 0.36653371851246275, 'relation_pct': 0.2669321645688587}}","{'developer': 79, 'sales_ops': 85, 'receptionist': 81}",sales_ops,4,2026-03-23T20:23:12.02+00:00,2026-03-23T20:23:12.150825+00:00
09e734e4-0617-486e-ae2e-e2b3eee8fe00,"{'D1': 65, 'D2': 55, 'D3': 50, 'D4': 50, 'D5': 44, 'motivation': {'result': 50, 'learning': 50, 'relation': 67, 'result_pct': 0.2994010183227435, 'learning_pct': 0.2994010183227435, 'relation_pct': 0.4011973645524763}}","{'developer': 85, 'sales_ops': 82, 'receptionist': 82}",developer,3,2026-03-23T20:29:16.969+00:00,2026-03-23T20:29:17.030087+00:00
d1ca8766-534e-4349-ba25-1d104dc96a77,"{'D1': 50, 'D2': 45, 'D3': 50, 'D4': 50, 'D5': 31, 'motivation': {'result': 25, 'learning': 50, 'relation': 83, 'result_pct': 0.15822774795712155, 'learning_pct': 0.3164554959142431, 'relation_pct': 0.5253161232176435}}","{'developer': 77, 'sales_ops': 75, 'receptionist': 79}",receptionist,2,2026-03-23T20:29:38.421+00:00,2026-03-23T20:29:38.525903+00:00
dd936f94-7eff-4df0-a0a6-238256af1fe3,"{'D1': 50, 'D2': 55, 'D3': 50, 'D4': 50, 'D5': 69, 'motivation': {'result': 75, 'learning': 50, 'relation': 17, 'result_pct': 0.528168642134759, 'learning_pct': 0.3521124280898394, 'relation_pct': 0.11971822555054538}}","{'developer': 84, 'sales_ops': 87, 'receptionist': 72}",sales_ops,3,2026-03-23T20:35:07.046+00:00,2026-03-23T20:35:07.153437+00:00
9d7e0db2-13a4-456d-9fa8-46cfe833c9b5,"{'D1': 45, 'D2': 20, 'D3': 38, 'D4': 44, 'D5': 81, 'motivation': {'result': 33, 'learning': 8, 'relation': 25, 'result_pct': 0.49999924242539023, 'learning_pct': 0.12121193755767036, 'relation_pct': 0.3787873048677199}}","{'developer': 73, 'sales_ops': 70, 'receptionist': 60}",developer,3,2026-03-23T20:35:31.213+00:00,2026-03-23T20:35:32.224649+00:00
165188db-e2a0-4f73-bad3-6af79c664afc,"{'D1': 50, 'D2': 55, 'D3': 44, 'D4': 50, 'D5': 50, 'motivation': {'result': 67, 'learning': 75, 'relation': 67, 'result_pct': 0.3205740092947324, 'learning_pct': 0.35885150294186463, 'relation_pct': 0.3205740092947324}}","{'developer': 83, 'sales_ops': 84, 'receptionist': 80}",sales_ops,1,2026-03-23T20:37:07.948+00:00,2026-03-23T20:37:08.030631+00:00
912e584d-91d8-4ef3-84c2-47d6fc932693,"{'D1': 60, 'D2': 75, 'D3': 75, 'D4': 38, 'D5': 63, 'motivation': {'result': 58, 'learning': 75, 'relation': 42, 'result_pct': 0.33142838204092456, 'learning_pct': 0.4285711836736093, 'relation_pct': 0.23999986285722122}}","{'developer': 87, 'sales_ops': 86, 'receptionist': 86}",developer,1,2026-03-23T20:44:48.894+00:00,2026-03-23T20:44:49.326889+00:00
5c4d041d-21b6-4856-b3de-149f889c233e,"{'D1': 60, 'D2': 75, 'D3': 63, 'D4': 44, 'D5': 50, 'motivation': {'result': 67, 'learning': 75, 'relation': 75, 'result_pct': 0.3087556180849686, 'learning_pct': 0.3456219605428753, 'relation_pct': 0.3456219605428753}}","{'developer': 84, 'sales_ops': 83, 'receptionist': 89}",receptionist,5,2026-03-23T21:25:40.011+00:00,2026-03-23T21:25:40.185943+00:00
eac37fab-9157-4ddc-aa05-e258f9e7bb6b,"{'D1': 20, 'D2': 55, 'D3': 75, 'D4': 75, 'D5': 50, 'motivation': {'result': 83, 'learning': 75, 'relation': 58, 'result_pct': 0.3842590813615364, 'learning_pct': 0.34722206147126783, 'relation_pct': 0.2685183942044471}}","{'developer': 71, 'sales_ops': 92, 'receptionist': 82}",sales_ops,10,2026-03-23T21:38:54.293+00:00,2026-03-23T21:38:54.301451+00:00
089d5146-782b-4521-b336-bb38c80eef94,"{'D1': 25, 'D2': 70, 'D3': 31, 'D4': 31, 'D5': 44, 'motivation': {'result': 58, 'learning': 58, 'relation': 83, 'result_pct': 0.2914571399712864, 'learning_pct': 0.2914571399712864, 'relation_pct': 0.4170852175451168}}","{'developer': 72, 'sales_ops': 71, 'receptionist': 81}",receptionist,9,2026-03-24T09:58:10.588+00:00,2026-03-24T09:58:10.707045+00:00
59e1ffcf-3250-4a31-9d16-a43357116100,"{'D1': 85, 'D2': 50, 'D3': 88, 'D4': 44, 'D5': 44, 'motivation': {'result': 92, 'learning': 92, 'relation': 33, 'result_pct': 0.42396293826592707, 'learning_pct': 0.42396293826592707, 'relation_pct': 0.15207366263886515}}","{'developer': 82, 'sales_ops': 82, 'receptionist': 74}",developer,0,2026-03-24T10:54:02.736+00:00,2026-03-24T10:54:02.964476+00:00
60a16c37-631f-4e83-afb8-93c0661963a9,"{'D1': 60, 'D2': 60, 'D3': 50, 'D4': 50, 'D5': 50, 'motivation': {'result': 83, 'learning': 75, 'relation': 83, 'result_pct': 0.3443981973451463, 'learning_pct': 0.3112031903721202, 'relation_pct': 0.3443981973451463}}","{'developer': 84, 'sales_ops': 83, 'receptionist': 83}",developer,1,2026-03-24T16:43:55.498+00:00,2026-03-24T16:43:55.998982+00:00
1558ec2a-0c1a-4002-a5f4-effd86a11352,"{'D1': 65, 'D2': 45, 'D3': 56, 'D4': 56, 'D5': 44, 'motivation': {'result': 92, 'learning': 92, 'relation': 83, 'result_pct': 0.3445691593373935, 'learning_pct': 0.3445691593373935, 'relation_pct': 0.3108613067935181}}","{'developer': 82, 'sales_ops': 82, 'receptionist': 79}",developer,0,2026-03-24T16:52:08.642+00:00,2026-03-24T16:52:08.912313+00:00
1c0127ff-90b9-4e08-b919-b6dfe8fda61c,"{'D1': 50, 'D2': 55, 'D3': 50, 'D4': 50, 'D5': 44, 'motivation': {'result': 92, 'learning': 75, 'relation': 83, 'result_pct': 0.36799985280005887, 'learning_pct': 0.299999880000048, 'relation_pct': 0.3319998672000531}}","{'developer': 80, 'sales_ops': 82, 'receptionist': 81}",sales_ops,1,2026-03-24T17:00:59.555+00:00,2026-03-24T17:01:00.061544+00:00
aca2d12a-82ca-42fa-aabe-6d0fd097c383,"{'D1': 95, 'D2': 25, 'D3': 69, 'D4': 69, 'D5': 75, 'motivation': {'result': 83, 'learning': 58, 'relation': 8, 'result_pct': 0.5570466060089893, 'learning_pct': 0.389261483717125, 'relation_pct': 0.05369123913339655}}","{'developer': 85, 'sales_ops': 85, 'receptionist': 63}",developer,0,2026-03-24T20:57:58.072+00:00,2026-03-24T20:57:58.205394+00:00
b6b4d416-9272-4689-aa21-5e7b44146d5f,"{'D1': 50, 'D2': 55, 'D3': 50, 'D4': 50, 'D5': 44, 'motivation': {'result': 25, 'learning': 50, 'relation': 83, 'result_pct': 0.15822774795712155, 'learning_pct': 0.3164554959142431, 'relation_pct': 0.5253161232176435}}","{'developer': 78, 'sales_ops': 78, 'receptionist': 82}",receptionist,4,2026-03-24T21:03:59.83+00:00,2026-03-24T21:03:59.980186+00:00
